0,0,0,0,0,Bernd Leno - Arsenal,Premier League
0,0,0,0,0,Matthew Macey - Arsenal,Premier League
0,0,0,0,0,Emiliano Martinez - Arsenal,Premier League
0,0,0,0,0,Hector Bellerin - Arsenal,Premier League
0,0,0,0,0,Calum Chambers - Arsenal,Premier League
0,0,0,0,0,Rob Holding - Arsenal,Premier League
0,0,0,0,0,Sead Kolasinac - Arsenal,Premier League
0,0,0,0,0,David Luiz - Arsenal,Premier League
0,0,0,0,0,Pablo Mari - Arsenal,Premier League
0,0,0,0,0,Konstantinos Mavropanos - Arsenal,Premier League
0,0,0,0,0,Nacho Monreal - Arsenal,Premier League
0,0,0,0,0,Shkodran Mustafi - Arsenal,Premier League
0,0,0,0,0,Jordi Osei-Tutu - Arsenal,Premier League
0,0,0,0,0,William Saliba - Arsenal,Premier League
0,0,0,0,0,Cedric Soares - Arsenal,Premier League
0,0,0,0,0,Papa(stathopoulos) Sokratis - Arsenal,Premier League
0,0,0,0,0,Kieran Tierney - Arsenal,Premier League
0,0,0,0,0,Daniel Ceballos - Arsenal,Premier League
0,0,0,0,0,Mohamed Elneny - Arsenal,Premier League
0,0,0,0,0,Matteo Guendouzi - Arsenal,Premier League
0,0,0,0,0,Ainsley Maitland-Niles - Arsenal,Premier League
0,0,0,0,0,Gabriel Martinelli Silva - Arsenal,Premier League
0,0,0,0,0,Henrikh Mkhitaryan - Arsenal,Premier League
0,0,0,0,0,Reiss Nelson - Arsenal,Premier League
0,0,0,0,0,Kelechi Nwakali - Arsenal,Premier League
0,0,0,0,0,Mesut Ozil - Arsenal,Premier League
0,0,0,0,0,Bukayo Saka - Arsenal,Premier League
0,0,0,0,0,Denis Suarez - Arsenal,Premier League
0,0,0,0,0,Lucas Torreira - Arsenal,Premier League
0,0,0,0,0,Joseph Willock - Arsenal,Premier League
0,0,0,0,0,Granit Xhaka - Arsenal,Premier League
0,0,0,0,0,Takuma Asano - Arsenal,Premier League
0,0,0,0,0,Pierre-Emerick Aubameyang - Arsenal,Premier League
0,0,0,0,0,Alexandre Lacazette - Arsenal,Premier League
0,0,0,0,0,Edward Nketiah - Arsenal,Premier League
0,0,0,0,0,Nicolas Pepe - Arsenal,Premier League
0,0,0,0,0,Emile Smith-Rowe - Arsenal,Premier League
0,0,0,0,0,Tom Heaton - Aston Villa,Premier League
0,0,0,0,0,Lovre Kalinic - Aston Villa,Premier League
0,0,0,0,0,Orjan Nyland - Aston Villa,Premier League
0,0,0,0,0,Pepe Reina - Aston Villa,Premier League
0,0,0,0,0,Jed Steer - Aston Villa,Premier League
0,0,0,0,0,Ahmed El Mohamady - Aston Villa,Premier League
0,0,0,0,0,Bjorn Engels - Aston Villa,Premier League
0,0,0,0,0,Frederic Guilbert - Aston Villa,Premier League
0,0,0,0,0,Kortney Hause - Aston Villa,Premier League
0,0,0,0,0,Ezri Konza - Aston Villa,Premier League
0,0,0,0,0,Tyrone Mings - Aston Villa,Premier League
0,0,0,0,0,Matt Targett - Aston Villa,Premier League
0,0,0,0,0,Neil Taylor - Aston Villa,Premier League
0,0,0,0,0,Tom Carroll - Aston Villa,Premier League
0,0,0,0,0,Keinan Davis - Aston Villa,Premier League
0,0,0,0,0,Anwar El Ghazi - Aston Villa,Premier League
0,0,0,0,0,Jack Grealish - Aston Villa,Premier League
0,0,0,0,0,Andre Green - Aston Villa,Premier League
0,0,0,0,0,Conor Hourihane - Aston Villa,Premier League
0,0,0,0,0,Henri Lansbury - Aston Villa,Premier League
0,0,0,0,0,Douglas Luiz (Soares de Pauo) - Aston Villa,Premier League
0,0,0,0,0,John McGinn - Aston Villa,Premier League
0,0,0,0,0,Marvelous Nakamba - Aston Villa,Premier League
0,0,0,0,0,Jota (Peleteiro) - Aston Villa,Premier League
0,0,0,0,0,Jacob Ramsey - Aston Villa,Premier League
0,0,0,0,0,Trezeguet - Aston Villa,Premier League
0,0,0,0,0,Wesley Moraes - Aston Villa,Premier League
0,0,0,0,0,Mbwana Samatta - Aston Villa,Premier League
0,0,0,0,0,David Button - Brighton,Premier League
0,0,0,0,0,Mathew Ryan - Brighton,Premier League
0,0,0,0,0,Jason Steele - Brighton,Premier League
0,0,0,0,0,Bernardo - Brighton,Premier League
0,0,0,0,0,Dan Burn - Brighton,Premier League
0,0,0,0,0,Matt Clarke - Brighton,Premier League
0,0,0,0,0,Shane Duffy - Brighton,Premier League
0,0,0,0,0,Lewis Dunk - Brighton,Premier League
0,0,0,0,0,Joshua Kerr - Brighton,Premier League
0,0,0,0,0,Tariq Lamptey - Brighton,Premier League
0,0,0,0,0,Martin Montoya - Brighton,Premier League
0,0,0,0,0,Masato Morishige - Brighton,Premier League
0,0,0,0,0,Leo Skiri Ostigard - Brighton,Premier League
0,0,0,0,0,Joel Veltma - Brighton,Premier League
0,0,0,0,0,Adam Webster - Brighton,Premier League
0,0,0,0,0,Ben White - Brighton,Premier League
0,0,0,0,0,Romaric Yapi - Brighton,Premier League
0,0,0,0,0,Soufyan Ahannach - Brighton,Premier League
0,0,0,0,0,Steven Alzate - Brighton,Premier League
0,0,0,0,0,Billy Arce - Brighton,Premier League
0,0,0,0,0,Tudor-Cristian Baluta - Brighton,Premier League
0,0,0,0,0,Yves Bissouma - Brighton,Premier League
0,0,0,0,0,Pascal Gross - Brighton,Premier League
0,0,0,0,0,Des Hutchinson - Brighton,Premier League
0,0,0,0,0,Alireza Jahanbakhsh - Brighton,Premier League
0,0,0,0,0,Adam Lallana - Brighton,Premier League
0,0,0,0,0,Alexis Mac Allister - Brighton,Premier League
0,0,0,0,0,Solly March - Brighton,Premier League
0,0,0,0,0,Jayson Molumby - Brighton,Premier League
0,0,0,0,0,Aaron Mooy - Brighton,Premier League
0,0,0,0,0,Davy Propper - Brighton,Premier League
0,0,0,0,0,Ezequiel Schelotto - Brighton,Premier League
0,0,0,0,0,Dale Stephens - Brighton,Premier League
0,0,0,0,0,Jensen Weir - Brighton,Premier League
0,0,0,0,0,Florin(e) Andone - Brighton,Premier League
0,0,0,0,0,Sam Baldock - Brighton,Premier League
0,0,0,0,0,Aaron Connolly - Brighton,Premier League
0,0,0,0,0,Tomer Hemed - Brighton,Premier League
0,0,0,0,0,Jose Izquierdo-Mena - Brighton,Premier League
0,0,0,0,0,Jurgen Locadia - Brighton,Premier League
0,0,0,0,0,Neal Maupay - Brighton,Premier League
0,0,0,0,0,Jan Mlakar - Brighton,Premier League
0,0,0,0,0,Glenn Murray - Brighton,Premier League
0,0,0,0,0,Jiri Skalak - Brighton,Premier League
0,0,0,0,0,Percy Tau - Brighton,Premier League
0,0,0,0,0,Leandro Trossard - Brighton,Premier League
0,0,0,0,0,Bailey Peacock-Farrell - Burnley,Premier League
0,0,0,0,0,Nick Pope - Burnley,Premier League
0,0,0,0,0,Phil Bardsley - Burnley,Premier League
0,0,0,0,0,Ben Gibson - Burnley,Premier League
0,0,0,0,0,Kevin Long - Burnley,Premier League
0,0,0,0,0,Matthew Lowton - Burnley,Premier League
0,0,0,0,0,Ben Mee - Burnley,Premier League
0,0,0,0,0,Erik Pieters - Burnley,Premier League
0,0,0,0,0,James Tarkowski - Burnley,Premier League
0,0,0,0,0,Charlie Taylor - Burnley,Premier League
0,0,0,0,0,Robbie Brady - Burnley,Premier League
0,0,0,0,0,Josh Brownhill - Burnley,Premier League
0,0,0,0,0,Jack Cork - Burnley,Premier League
0,0,0,0,0,Steven Defour - Burnley,Premier League
0,0,0,0,0,Johann Berg Gudmundsson - Burnley,Premier League
0,0,0,0,0,Robbie Leitch - Burnley,Premier League
0,0,0,0,0,Aiden O'Neill - Burnley,Premier League
0,0,0,0,0,Ashley Westwood - Burnley,Premier League
0,0,0,0,0,Dan Agyei - Burnley,Premier League
0,0,0,0,0,Ashley Barnes - Burnley,Premier League
0,0,0,0,0,Dwight McNeil - Burnley,Premier League
0,0,0,0,0,Jay Rodriguez - Burnley,Premier League
0,0,0,0,0,Matej Vydra - Burnley,Premier League
0,0,0,0,0,Chris Wood - Burnley,Premier League
0,0,0,0,0,Kepa Arrizabalaga - Chelsea,Premier League
0,0,0,0,0,Willy Caballero - Chelsea,Premier League
0,0,0,0,0,Metaj Delac - Chelsea,Premier League
0,0,0,0,0,Marcos Alonso - Chelsea,Premier League
0,0,0,0,0,Cezar Azpilicueta - Chelsea,Premier League
0,0,0,0,0,Trevoh Chalobah - Chelsea,Premier League
0,0,0,0,0,Andreas Christensen - Chelsea,Premier League
0,0,0,0,0,Jake Clarke-Salter - Chelsea,Premier League
0,0,0,0,0,Marc Guehi - Chelsea,Premier League
0,0,0,0,0,Reece James - Chelsea,Premier League
0,0,0,0,0,Matt Miazga - Chelsea,Premier League
0,0,0,0,0,Emerson Palmieri dos Santos - Chelsea,Premier League
0,0,0,0,0,Baba Rahman - Chelsea,Premier League
0,0,0,0,0,Antonio Rudiger - Chelsea,Premier League
0,0,0,0,0,Dujon Sterling - Chelsea,Premier League
0,0,0,0,0,Fikayo Tomori - Chelsea,Premier League
0,0,0,0,0,Davide Zappacosta - Chelsea,Premier League
0,0,0,0,0,Kurt Zouma - Chelsea,Premier League
0,0,0,0,0,Ethan Ampadu - Chelsea,Premier League
0,0,0,0,0,Tiemoue Bakayoko - Chelsea,Premier League
0,0,0,0,0,Ross Barkley - Chelsea,Premier League
0,0,0,0,0,Cristian Cuevas - Chelsea,Premier League
0,0,0,0,0,Danny Drinkwater - Chelsea,Premier League
0,0,0,0,0,Billy Gilmour - Chelsea,Premier League
0,0,0,0,0,Callum Hudson-Odoi - Chelsea,Premier League
0,0,0,0,0,Jorginho - Chelsea,Premier League
0,0,0,0,0,N'Golo Kante - Chelsea,Premier League
0,0,0,0,0,Robert Kenedy Nunes Nascimento - Chelsea,Premier League
0,0,0,0,0,Mateo Kovacic - Chelsea,Premier League
0,0,0,0,0,Ruben Loftus-Cheek - Chelsea,Premier League
0,0,0,0,0,Victor Moses - Chelsea,Premier League
0,0,0,0,0,Mason Mount - Chelsea,Premier League
0,0,0,0,0,Charly Musonda - Chelsea,Premier League
0,0,0,0,0,Christian Pulisic - Chelsea,Premier League
0,0,0,0,0,Marco van Ginkel - Chelsea,Premier League
0,0,0,0,0,Hakim Ziyech - Chelsea,Premier League
0,0,0,0,0,Tammy Abraham - Chelsea,Premier League
0,0,0,0,0,Michy Batshuayi - Chelsea,Premier League
0,0,0,0,0,Izzy Brown - Chelsea,Premier League
0,0,0,0,0,Olivier Giroud - Chelsea,Premier League
0,0,0,0,0,Timo Werner - Chelsea,Premier League
0,0,0,0,0,Vicente Guaita - Crystal Palace,Premier League
0,0,0,0,0,Stephen Henderson - Crystal Palace,Premier League
0,0,0,0,0,Wayne Hennessey - Crystal Palace,Premier League
0,0,0,0,0,Gary Cahill - Crystal Palace,Premier League
0,0,0,0,0,Scott Dann - Crystal Palace,Premier League
0,0,0,0,0,Nathaniel Ferguson - Crystal Palace,Premier League
0,0,0,0,0,Jaroslaw Jach - Crystal Palace,Premier League
0,0,0,0,0,Martin Kelly - Crystal Palace,Premier League
0,0,0,0,0,Tyrick Mitchell - Crystal Palace,Premier League
0,0,0,0,0,Jairo Riedewald - Crystal Palace,Premier League
0,0,0,0,0,Mamadou Sakho - Crystal Palace,Premier League
0,0,0,0,0,Jeffrey Schlupp - Crystal Palace,Premier League
0,0,0,0,0,James Tomkins - Crystal Palace,Premier League
0,0,0,0,0,Patrick van Aanholt - Crystal Palace,Premier League
0,0,0,0,0,Joel Ward - Crystal Palace,Premier League
0,0,0,0,0,Scott Banks - Crystal Palace,Premier League
0,0,0,0,0,Nya Kirby - Crystal Palace,Premier League
0,0,0,0,0,Cheikhou Kouyate - Crystal Palace,Premier League
0,0,0,0,0,Jason Lokilo - Crystal Palace,Premier League
0,0,0,0,0,James McArthur - Crystal Palace,Premier League
0,0,0,0,0,James McCarthy - Crystal Palace,Premier League
0,0,0,0,0,Max Meyer - Crystal Palace,Premier League
0,0,0,0,0,Luka Milivojevic - Crystal Palace,Premier League
0,0,0,0,0,Andros Townsend - Crystal Palace,Premier League
0,0,0,0,0,Jordan Ayew - Crystal Palace,Premier League
0,0,0,0,0,Christian Benteke - Crystal Palace,Premier League
0,0,0,0,0,Levi Lumeka - Crystal Palace,Premier League
0,0,0,0,0,Alexander Sorloth - Crystal Palace,Premier League
0,0,0,0,0,Connor Wickham - Crystal Palace,Premier League
0,0,0,0,0,Wilfried Zaha - Crystal Palace,Premier League
0,0,0,0,0,Mateusz Hewelt - Everton,Premier League
0,0,0,0,0,Jonas Lossl - Everton,Premier League
0,0,0,0,0,Jordan Pickford - Everton,Premier League
0,0,0,0,0,Joao Virginia - Everton,Premier League
0,0,0,0,0,Jarrad Branthwite - Everton,Premier League
0,0,0,0,0,Seamus Coleman - Everton,Premier League
0,0,0,0,0,Lucas Digne - Everton,Premier League
0,0,0,0,0,Michael Keane - Everton,Premier League
0,0,0,0,0,Jonjoe Kenny - Everton,Premier League
0,0,0,0,0,Yerry Mina - Everton,Premier League
0,0,0,0,0,Niels Nkounkou - Everton,Premier League
0,0,0,0,0,Matthew Pennington - Everton,Premier League
0,0,0,0,0,Djibril Sidibe - Everton,Premier League
0,0,0,0,0,Beni Baningime - Everton,Premier League
0,0,0,0,0,Muhamed Besic - Everton,Premier League
0,0,0,0,0,Yannick Bolasie - Everton,Premier League
0,0,0,0,0,Tom Davies - Everton,Premier League
0,0,0,0,0,Fabian Delph - Everton,Premier League
0,0,0,0,0,Jean-Philippe Gbamin - Everton,Premier League
0,0,0,0,0,Andre Gomes - Everton,Premier League
0,0,0,0,0,Mason Holgate - Everton,Premier League
0,0,0,0,0,Alex Iwobi - Everton,Premier League
0,0,0,0,0,Kevin Mirallas - Everton,Premier League
0,0,0,0,0,Gylfi Sigurdsson - Everton,Premier League
0,0,0,0,0,Theo Walcott - Everton,Premier League
0,0,0,0,0,Joe Williams - Everton,Premier League
0,0,0,0,0,Bernard - Everton,Premier League
0,0,0,0,0,Dominic Calvert-Lewin - Everton,Premier League
0,0,0,0,0,Richarlison deAndrade - Everton,Premier League
0,0,0,0,0,Anthony Gordon - Everton,Premier League
0,0,0,0,0,Moise Kean - Everton,Premier League
0,0,0,0,0,Henry Onyekuru - Everton,Premier League
0,0,0,0,0,Sandro Ramirez - Everton,Premier League
0,0,0,0,0,Bassala Sambou - Everton,Premier League
0,0,0,0,0,Shani Tarashaj - Everton,Premier League
0,0,0,0,0,Cenk Tosun - Everton,Premier League
0,0,0,0,0,Jordan Archer - Fulham,Premier League
0,0,0,0,0,Marcus Bettinelli - Fulham,Premier League
0,0,0,0,0,Magnus Norman - Fulham,Premier League
0,0,0,0,0,Marek Rodak - Fulham,Premier League
0,0,0,0,0,Cyrus Christie - Fulham,Premier League
0,0,0,0,0,Michael Hector - Fulham,Premier League
0,0,0,0,0,Terence Kongolo - Fulham,Premier League
0,0,0,0,0,Alfie Mawson - Fulham,Premier League
0,0,0,0,0,Denis Odoi - Fulham,Premier League
0,0,0,0,0,Timo Ream - Fulham,Premier League
0,0,0,0,0,Steven Sessegnon - Fulham,Premier League
0,0,0,0,0,Harry Arter - Fulham,Premier League
0,0,0,0,0,Joe Bryan - Fulham,Premier League
0,0,0,0,0,Tom Cairney - Fulham,Premier League
0,0,0,0,0,Stefan Johansen - Fulham,Premier League
0,0,0,0,0,Neeskens Kebano - Fulham,Premier League
0,0,0,0,0,Anthony Knockaert - Fulham,Premier League
0,0,0,0,0,Maxime Le Marchand - Fulham,Premier League
0,0,0,0,0,Kevin McDonald - Fulham,Premier League
0,0,0,0,0,Joshua Onomah - Fulham,Premier League
0,0,0,0,0,Matt O'Riley - Fulham,Premier League
0,0,0,0,0,Harrison Reed - Fulham,Premier League
0,0,0,0,0,Bobby Reid - Fulham,Premier League
0,0,0,0,0,Ivan Cavaleiro - Fulham,Premier League
0,0,0,0,0,Lucas De La Torre - Fulham,Premier League
0,0,0,0,0,Sylvester Jasper - Fulham,Premier League
0,0,0,0,0,Aboubakar Kamara - Fulham,Premier League
0,0,0,0,0,Aleksandar Mitrovic - Fulham,Premier League
0,0,0,0,0,Jay Stansfield - Fulham,Premier League
0,0,0,0,0,Martell Taylor-Crossdale - Fulham,Premier League
0,0,0,0,0,Elia Caprile - Leeds United,Premier League
0,0,0,0,0,Kiko Casilla - Leeds United,Premier League
0,0,0,0,0,Illan Meslier - Leeds United,Premier League
0,0,0,0,0,Kamil Miazek - Leeds United,Premier League
0,0,0,0,0,Luke Ayling - Leeds United,Premier League
0,0,0,0,0,Gaetano Berardi - Leeds United,Premier League
0,0,0,0,0,Oliver Casey - Leeds United,Premier League
0,0,0,0,0,Liam Cooper - Leeds United,Premier League
0,0,0,0,0,Leif Davis - Leeds United,Premier League
0,0,0,0,0,Barry Douglas - Leeds United,Premier League
0,0,0,0,0,Robbie Gotts - Leeds United,Premier League
0,0,0,0,0,Bryce Hosannah - Leeds United,Premier League
0,0,0,0,0,Pascal Struijk - Leeds United,Premier League
0,0,0,0,0,Ezgjan Alioski - Leeds United,Premier League
0,0,0,0,0,Jean-Kevin Augustin - Leeds United,Premier League
0,0,0,0,0,Mateusz Bogusz - Leeds United,Premier League
0,0,0,0,0,Stuart Dallas - Leeds United,Premier League
0,0,0,0,0,Adam Forshaw - Leeds United,Premier League
0,0,0,0,0,Jack Harrison - Leeds United,Premier League
0,0,0,0,0,Wander Helder-Costa - Leeds United,Premier League
0,0,0,0,0,Pablo Hernandez - Leeds United,Premier League
0,0,0,0,0,Mateusz Klich - Leeds United,Premier League
0,0,0,0,0,Alfie McCalmont - Leeds United,Premier League
0,0,0,0,0,Kalvin Phillips - Leeds United,Premier League
0,0,0,0,0,Tyler Roberts - Leeds United,Premier League
0,0,0,0,0,Jamie Shackleton - Leeds United,Premier League
0,0,0,0,0,Jordan Stevens - Leeds United,Premier League
0,0,0,0,0,Patrick Bamford - Leeds United,Premier League
0,0,0,0,0,Joe Gelhardt - Leeds United,Premier League
0,0,0,0,0,Ian Carlo Poveda-Ocampo - Leeds United,Premier League
0,0,0,0,0,Eldin Jakupovic - Leicester City,Premier League
0,0,0,0,0,Kaspar Schmeichel - Leicester City,Premier League
0,0,0,0,0,Danny Ward - Leicester City,Premier League
0,0,0,0,0,Filip Benkovic - Leicester City,Premier League
0,0,0,0,0,Ryan Bennett - Leicester City,Premier League
0,0,0,0,0,Ben Chilwell - Leicester City,Premier League
0,0,0,0,0,Mitchell Clark - Leicester City,Premier League
0,0,0,0,0,Jonny Evans - Leicester City,Premier League
0,0,0,0,0,Christian Fuchs - Leicester City,Premier League
0,0,0,0,0,James Justin - Leicester City,Premier League
0,0,0,0,0,Elliot Moore - Leicester City,Premier League
0,0,0,0,0,Wes Morgan - Leicester City,Premier League
0,0,0,0,0,Ricardo Pereira - Leicester City,Premier League
0,0,0,0,0,Dennis Praet - Leicester City,Premier League
0,0,0,0,0,Caglar Soyuncu - Leicester City,Premier League
0,0,0,0,0,Marc Albrighton - Leicester City,Premier League
0,0,0,0,0,Daniel Amartey - Leicester City,Premier League
0,0,0,0,0,Harvey Barnes - Leicester City,Premier League
0,0,0,0,0,Hamza Choudhury - Leicester City,Premier League
0,0,0,0,0,Fousseni Diabate - Leicester City,Premier League
0,0,0,0,0,Rachid Ghezzal - Leicester City,Premier League
0,0,0,0,0,Demarai Gray - Leicester City,Premier League
0,0,0,0,0,Sam Hughes - Leicester City,Premier League
0,0,0,0,0,Matty James - Leicester City,Premier League
0,0,0,0,0,Bartosz Kapustka - Leicester City,Premier League
0,0,0,0,0,James Maddison - Leicester City,Premier League
0,0,0,0,0,Nampalys Mendy - Leicester City,Premier League
0,0,0,0,0,Onyinye Wilfred Ndidi - Leicester City,Premier League
0,0,0,0,0,Layton Ndukwu - Leicester City,Premier League
0,0,0,0,0,Adrien Silva - Leicester City,Premier League
0,0,0,0,0,George Thomas - Leicester City,Premier League
0,0,0,0,0,Youri Tielemans - Leicester City,Premier League
0,0,0,0,0,George Hirst - Leicester City,Premier League
0,0,0,0,0,Kelechi Iheanacho - Leicester City,Premier League
0,0,0,0,0,Ayoze Perez - Leicester City,Premier League
0,0,0,0,0,Islam Slimani - Leicester City,Premier League
0,0,0,0,0,Raul Uche-Rubio - Leicester City,Premier League
0,0,0,0,0,Jamie Vardy - Leicester City,Premier League
0,0,0,0,0,Adrian - Liverpool,Premier League
0,0,0,0,0,Alisson Becker - Liverpool,Premier League
0,0,0,0,0,Loris Karius - Liverpool,Premier League
0,0,0,0,0,Caoimhin Kelleher - Liverpool,Premier League
0,0,0,0,0,Trent Alexander-Arnold - Liverpool,Premier League
0,0,0,0,0,Fabinho - Liverpool,Premier League
0,0,0,0,0,Joe Gomez - Liverpool,Premier League
0,0,0,0,0,Joel Matip - Liverpool,Premier League
0,0,0,0,0,Andrew Robertson - Liverpool,Premier League
0,0,0,0,0,Kostas Tsimikas - Liverpool,Premier League
0,0,0,0,0,Sepp van der Berg - Liverpool,Premier League
0,0,0,0,0,Virgil van Dijk - Liverpool,Premier League
0,0,0,0,0,Alex Oxlade-Chamberlain - Liverpool,Premier League
0,0,0,0,0,Harvey Elliott - Liverpool,Premier League
0,0,0,0,0,Oviemuno Ejaria - Liverpool,Premier League
0,0,0,0,0,Marko Grujic - Liverpool,Premier League
0,0,0,0,0,Jordan Henderson - Liverpool,Premier League
0,0,0,0,0,Curtis Jones - Liverpool,Premier League
0,0,0,0,0,Naby Keita - Liverpool,Premier League
0,0,0,0,0,Ryan Kent - Liverpool,Premier League
0,0,0,0,0,Lazar Markovic - Liverpool,Premier League
0,0,0,0,0,James Milner - Liverpool,Premier League
0,0,0,0,0,Takumi Minamino - Liverpool,Premier League
0,0,0,0,0,Sheyi Ojo - Liverpool,Premier League
0,0,0,0,0,Mohamed Salah - Liverpool,Premier League
0,0,0,0,0,Xherdan Shaqiri - Liverpool,Premier League
0,0,0,0,0,Georginio Wijnaldum - Liverpool,Premier League
0,0,0,0,0,Ben Woodburn - Liverpool,Premier League
0,0,0,0,0,Rhian Brewster - Liverpool,Premier League
0,0,0,0,0,Roberto Firmino - Liverpool,Premier League
0,0,0,0,0,Sadio Mane - Liverpool,Premier League
0,0,0,0,0,Divock Origi - Liverpool,Premier League
0,0,0,0,0,Claudio Bravo - Manchester City,Premier League
0,0,0,0,0,Aro Muric - Manchester City,Premier League
0,0,0,0,0,Ederson Santana de Moraes - Manchester City,Premier League
0,0,0,0,0,Zack Steffen - Manchester City,Premier League
0,0,0,0,0,Oluwatosin Adarabioyo - Manchester City,Premier League
0,0,0,0,0,Nathan Ake - Manchester City,Premier League
0,0,0,0,0,Joao Cavaco Cancelo - Manchester City,Premier League
0,0,0,0,0,Yan Couto - Manchester City,Premier League
0,0,0,0,0,Demeaco Duhaney - Manchester City,Premier League
0,0,0,0,0,Aymeric Laporte - Manchester City,Premier League
0,0,0,0,0,Eliaquim Mangala - Manchester City,Premier League
0,0,0,0,0,Eric Garcia Martret - Manchester City,Premier League
0,0,0,0,0,Benjamin Mendy - Manchester City,Premier League
0,0,0,0,0,Nicolas Otamendi - Manchester City,Premier League
0,0,0,0,0,Pedro Porro - Manchester City,Premier League
0,0,0,0,0,John Stones - Manchester City,Premier League
0,0,0,0,0,Jose 'Angelino' Esmoris Tasende - Manchester City,Premier League
0,0,0,0,0,Kyle Walker - Manchester City,Premier League
0,0,0,0,0,Manuel Garcia Alonso - Manchester City,Premier League
0,0,0,0,0,Daniel Arzani - Manchester City,Premier League
0,0,0,0,0,Luke Brattan - Manchester City,Premier League
0,0,0,0,0,Anthony Caceres - Manchester City,Premier League
0,0,0,0,0,Kevin de Bruyne - Manchester City,Premier League
0,0,0,0,0,Fernandinho - Manchester City,Premier League
0,0,0,0,0,Aleix Garcia-Serrano - Manchester City,Premier League
0,0,0,0,0,Claudio Gomes - Manchester City,Premier League
0,0,0,0,0,Ilkay Gundogan - Manchester City,Premier League
0,0,0,0,0,Rodri Hernandez - Manchester City,Premier League
0,0,0,0,0,Riyad Mahrez - Manchester City,Premier League
0,0,0,0,0,Patrick Roberts - Manchester City,Premier League
0,0,0,0,0,Philippe Sandler - Manchester City,Premier League
0,0,0,0,0,David Silva - Manchester City,Premier League
0,0,0,0,0,Raheem Sterling - Manchester City,Premier League
0,0,0,0,0,Ferran Torres - Manchester City,Premier League
0,0,0,0,0,Oleksandr Zinchenko - Manchester City,Premier League
0,0,0,0,0,Sergio Aguero - Manchester City,Premier League
0,0,0,0,0,Phil Foden - Manchester City,Premier League
0,0,0,0,0,Daniel Grimshaw - Manchester City,Premier League
0,0,0,0,0,Gabriel (Fernando de) Jesus - Manchester City,Premier League
0,0,0,0,0,Marlos Moreno - Manchester City,Premier League
0,0,0,0,0,Pablo Moreno - Manchester City,Premier League
0,0,0,0,0,Lucas Nmecha - Manchester City,Premier League
0,0,0,0,0,Bernardo Silva - Manchester City,Premier League
0,0,0,0,0,Joel Castro Pereira - Manchester United,Premier League
0,0,0,0,0,David de Gea - Manchester United,Premier League
0,0,0,0,0,Lee Grant - Manchester United,Premier League
0,0,0,0,0,Dean Henderson - Manchester United,Premier League
0,0,0,0,0,Sergio Romero - Manchester United,Premier League
0,0,0,0,0,Eric Bailly - Manchester United,Premier League
0,0,0,0,0,Diogo Dalot - Manchester United,Premier League
0,0,0,0,0,Timothy Fosu-Mensah - Manchester United,Premier League
0,0,0,0,0,Phil Jones - Manchester United,Premier League
0,0,0,0,0,Victor Lindelof - Manchester United,Premier League
0,0,0,0,0,Harry Maguire - Manchester United,Premier League
0,0,0,0,0,Demetri Mitchell - Manchester United,Premier League
0,0,0,0,0,Marcos Rojo - Manchester United,Premier League
0,0,0,0,0,Luke Shaw - Manchester United,Premier League
0,0,0,0,0,Chris Smalling - Manchester United,Premier League
0,0,0,0,0,Axel Tuanzebe - Manchester United,Premier League
0,0,0,0,0,Aaron Wan-Bissaka - Manchester United,Premier League
0,0,0,0,0,Brandon Williams - Manchester United,Premier League
0,0,0,0,0,Tahith Chong - Manchester United,Premier League
0,0,0,0,0,Zachery Dearnley - Manchester United,Premier League
0,0,0,0,0,Bruno Fernandes - Manchester United,Premier League
0,0,0,0,0,Fred(erico) Rodrigues de Paula Santos - Manchester United,Premier League
0,0,0,0,0,Daniel James - Manchester United,Premier League
0,0,0,0,0,Jesse Lingard - Manchester United,Premier League
0,0,0,0,0,Juan Mata - Manchester United,Premier League
0,0,0,0,0,Nemanja Matic - Manchester United,Premier League
0,0,0,0,0,Scott McTominay - Manchester United,Premier League
0,0,0,0,0,Andreas Pereira - Manchester United,Premier League
0,0,0,0,0,Paul Pogba - Manchester United,Premier League
0,0,0,0,0,Mason Greenwood - Manchester United,Premier League
0,0,0,0,0,Dillon Hoogewerf - Manchester United,Premier League
0,0,0,0,0,Odion Ighalo - Manchester United,Premier League
0,0,0,0,0,Anthony Martial - Manchester United,Premier League
0,0,0,0,0,Marcus Rashford - Manchester United,Premier League
0,0,0,0,0,Karl Darlow - Newcastle United,Premier League
0,0,0,0,0,Martin Dubravka - Newcastle United,Premier League
0,0,0,0,0,Mark Gillespie - Newcastle United,Premier League
0,0,0,0,0,Jake Turner - Newcastle United,Premier League
0,0,0,0,0,Ciaran Clark - Newcastle United,Premier League
0,0,0,0,0,Paul Dummett - Newcastle United,Premier League
0,0,0,0,0,Federico Fernandez - Newcastle United,Premier League
0,0,0,0,0,Jesus Gamez - Newcastle United,Premier League
0,0,0,0,0,Massadio Haidara - Newcastle United,Premier League
0,0,0,0,0,Isaac Hayden - Newcastle United,Premier League
0,0,0,0,0,Emil Krafth - Newcastle United,Premier League
0,0,0,0,0,Jamaal Lascelles - Newcastle United,Premier League
0,0,0,0,0,Achraf Lazaar - Newcastle United,Premier League
0,0,0,0,0,Florian Lejeune - Newcastle United,Premier League
0,0,0,0,0,Javier Manquillo - Newcastle United,Premier League
0,0,0,0,0,Stefan O'Connor - Newcastle United,Premier League
0,0,0,0,0,Fabian Sch√§r - Newcastle United,Premier League
0,0,0,0,0,Kyle Scott - Newcastle United,Premier League
0,0,0,0,0,Jamie Sterry - Newcastle United,Premier League
0,0,0,0,0,Jetro Willems - Newcastle United,Premier League
0,0,0,0,0,DeAndre Yedlin - Newcastle United,Premier League
0,0,0,0,0,Rolando Aarons - Newcastle United,Premier League
0,0,0,0,0,Miguel Almiron - Newcastle United,Premier League
0,0,0,0,0,Christian Atsu - Newcastle United,Premier League
0,0,0,0,0,Nabil Bentaleb - Newcastle United,Premier League
0,0,0,0,0,Valentino Lazaro - Newcastle United,Premier League
0,0,0,0,0,Matty Longstaff - Newcastle United,Premier League
0,0,0,0,0,Sean Longstaff - Newcastle United,Premier League
0,0,0,0,0,Jacob Murphy - Newcastle United,Premier League
0,0,0,0,0,Matt Ritchie - Newcastle United,Premier League
0,0,0,0,0,Jonjo Shelvey - Newcastle United,Premier League
0,0,0,0,0,Andy Carroll - Newcastle United,Premier League
0,0,0,0,0,Dwight Gayle - Newcastle United,Premier League
0,0,0,0,0,Joelinton - Newcastle United,Premier League
0,0,0,0,0,Yoshinori Muto - Newcastle United,Premier League
0,0,0,0,0,Allan Saint-Maximin - Newcastle United,Premier League
0,0,0,0,0,Wes Foderingham - Sheffield United,Premier League
0,0,0,0,0,Simon Moore - Sheffield United,Premier League
0,0,0,0,0,Michael Verrips - Sheffield United,Premier League
0,0,0,0,0,George Baldock - Sheffield United,Premier League
0,0,0,0,0,Kean Bryan - Sheffield United,Premier League
0,0,0,0,0,John Egan - Sheffield United,Premier League
0,0,0,0,0,Kieron Freeman - Sheffield United,Premier League
0,0,0,0,0,Phil Jagielka - Sheffield United,Premier League
0,0,0,0,0,Jack O'Connell - Sheffield United,Premier League
0,0,0,0,0,Jack Robinson - Sheffield United,Premier League
0,0,0,0,0,Jack Rodwell - Sheffield United,Premier League
0,0,0,0,0,Richard Stearman - Sheffield United,Premier League
0,0,0,0,0,Enda Stevens - Sheffield United,Premier League
0,0,0,0,0,Chris Basham - Sheffield United,Premier League
0,0,0,0,0,Kieran Dowell - Sheffield United,Premier League
0,0,0,0,0,Mark Duffy - Sheffield United,Premier League
0,0,0,0,0,John Fleck - Sheffield United,Premier League
0,0,0,0,0,Luke Freeman - Sheffield United,Premier League
0,0,0,0,0,Marvin Johnson - Sheffield United,Premier League
0,0,0,0,0,John Lundstram - Sheffield United,Premier League
0,0,0,0,0,Oliver Norwood - Sheffield United,Premier League
0,0,0,0,0,Ben Osborn - Sheffield United,Premier League
0,0,0,0,0,Sander Berge - Sheffield United,Premier League
0,0,0,0,0,Scott Hogan - Sheffield United,Premier League
0,0,0,0,0,Gary Madine - Sheffield United,Premier League
0,0,0,0,0,Oliver McBurnie - Sheffield United,Premier League
0,0,0,0,0,David McGoldrick - Sheffield United,Premier League
0,0,0,0,0,Ravel Morrison - Sheffield United,Premier League
0,0,0,0,0,Lys Mousset - Sheffield United,Premier League
0,0,0,0,0,Billy Sharp - Sheffield United,Premier League
0,0,0,0,0,Richairo Zivkovic - Sheffield United,Premier League
0,0,0,0,0,Fraser Forster - Southampton,Premier League
0,0,0,0,0,Angus Gunn - Southampton,Premier League
0,0,0,0,0,Alex McCarthy - Southampton,Premier League
0,0,0,0,0,Jan Bednarek - Southampton,Premier League
0,0,0,0,0,Ryan Bertrand - Southampton,Premier League
0,0,0,0,0,Wesley Hoedt - Southampton,Premier League
0,0,0,0,0,Jack Stephens - Southampton,Premier League
0,0,0,0,0,Jan Valery - Southampton,Premier League
0,0,0,0,0,Jannick Vestergaard - Southampton,Premier League
0,0,0,0,0,Kyle Walker-Peters - Southampton,Premier League
0,0,0,0,0,Stuart Armstrong - Southampton,Premier League
0,0,0,0,0,Sofiane Boufal - Southampton,Premier League
0,0,0,0,0,Moussa Djenepo - Southampton,Premier League
0,0,0,0,0,Mohamed Elyounoussi - Southampton,Premier League
0,0,0,0,0,Jake Hesketh - Southampton,Premier League
0,0,0,0,0,Pierre-Emile Hojbjerg - Southampton,Premier League
0,0,0,0,0,Mario Lemina - Southampton,Premier League
0,0,0,0,0,Sam McQueen - Southampton,Premier League
0,0,0,0,0,Nathan Redmond - Southampton,Premier League
0,0,0,0,0,Harrison Reed - Southampton,Premier League
0,0,0,0,0,Oriol Romeu - Southampton,Premier League
0,0,0,0,0,Will Smallbone - Southampton,Premier League
0,0,0,0,0,Nathan Tella - Southampton,Premier League
0,0,0,0,0,James Ward-Prowse - Southampton,Premier League
0,0,0,0,0,Che Adams - Southampton,Premier League
0,0,0,0,0,Guido Carrillo - Southampton,Premier League
0,0,0,0,0,Danny Ings - Southampton,Premier League
0,0,0,0,0,Shane Long - Southampton,Premier League
0,0,0,0,0,Michael Obafemi - Southampton,Premier League
0,0,0,0,0,Josh Sims - Southampton,Premier League
0,0,0,0,0,Paulo Gazzaniga - Tottenham Hotspur,Premier League
0,0,0,0,0,Hugo Lloris - Tottenham Hotspur,Premier League
0,0,0,0,0,Alfie Whiteman - Tottenham Hotspur,Premier League
0,0,0,0,0,Toby Alderweireld - Tottenham Hotspur,Premier League
0,0,0,0,0,Serge Aurier - Tottenham Hotspur,Premier League
0,0,0,0,0,Cameron Carter-Vickers - Tottenham Hotspur,Premier League
0,0,0,0,0,Ben Davies - Tottenham Hotspur,Premier League
0,0,0,0,0,Eric Dier - Tottenham Hotspur,Premier League
0,0,0,0,0,Juan Foyth - Tottenham Hotspur,Premier League
0,0,0,0,0,Danny Rose - Tottenham Hotspur,Premier League
0,0,0,0,0,Davinson Sanchez-Mina - Tottenham Hotspur,Premier League
0,0,0,0,0,Ryan Sessegnon - Tottenham Hotspur,Premier League
0,0,0,0,0,Dele Alli - Tottenham Hotspur,Premier League
0,0,0,0,0,Luke Amos - Tottenham Hotspur,Premier League
0,0,0,0,0,Steven Bergwijn - Tottenham Hotspur,Premier League
0,0,0,0,0,Jack Clarke - Tottenham Hotspur,Premier League
0,0,0,0,0,Gedson Fernandes - Tottenham Hotspur,Premier League
0,0,0,0,0,Erik Lamela - Tottenham Hotspur,Premier League
0,0,0,0,0,Giovani Lo Celso - Tottenham Hotspur,Premier League
0,0,0,0,0,Lucas Moura - Tottenham Hotspur,Premier League
0,0,0,0,0,Tanguy Ndombele - Tottenham Hotspur,Premier League
0,0,0,0,0,Georges-Kevin N'Koudou - Tottenham Hotspur,Premier League
0,0,0,0,0,Moussa Sissoko - Tottenham Hotspur,Premier League
0,0,0,0,0,Oliver Skipp - Tottenham Hotspur,Premier League
0,0,0,0,0,Victor Wanyama - Tottenham Hotspur,Premier League
0,0,0,0,0,Harry Winks - Tottenham Hotspur,Premier League
0,0,0,0,0,Harry Kane - Tottenham Hotspur,Premier League
0,0,0,0,0,Samuel Shashoua - Tottenham Hotspur,Premier League
0,0,0,0,0,Heung-Min Son - Tottenham Hotspur,Premier League
0,0,0,0,0,Alli Al Habsi - West Brom,Premier League
0,0,0,0,0,Jonathan Bond - West Brom,Premier League
0,0,0,0,0,Sam Johnstone - West Brom,Premier League
0,0,0,0,0,Semi Ajayi - West Brom,Premier League
0,0,0,0,0,Kyle Bartley - West Brom,Premier League
0,0,0,0,0,Nathan Ferguson - West Brom,Premier League
0,0,0,0,0,Jack Fitzwater - West Brom,Premier League
0,0,0,0,0,Darnell Furlong - West Brom,Premier League
0,0,0,0,0,Kieran Gibbs - West Brom,Premier League
0,0,0,0,0,Ahmed Hegazy - West Brom,Premier League
0,0,0,0,0,Dara O'Shea - West Brom,Premier League
0,0,0,0,0,Lee Peltier - West Brom,Premier League
0,0,0,0,0,Conor Townsend - West Brom,Premier League
0,0,0,0,0,Gareth Barry - West Brom,Premier League
0,0,0,0,0,Kamil Grosicki - West Brom,Premier League
0,0,0,0,0,Filip Krovinovic - West Brom,Premier League
0,0,0,0,0,Jake Livermore - West Brom,Premier League
0,0,0,0,0,Matheus Pereira - West Brom,Premier League
0,0,0,0,0,Matt Phillips - West Brom,Premier League
0,0,0,0,0,Romaine Sawyers - West Brom,Premier League
0,0,0,0,0,Charlie Austin - West Brom,Premier League
0,0,0,0,0,Kyle Edwards - West Brom,Premier League
0,0,0,0,0,Rakeem Harper - West Brom,Premier League
0,0,0,0,0,Callum Robinson - West Brom,Premier League
0,0,0,0,0,Hal Robson-Kanu - West Brom,Premier League
0,0,0,0,0,Rayhaan Tulloch - West Brom,Premier League
0,0,0,0,0,Kenneth Zohore - West Brom,Premier League
0,0,0,0,0,Lucasz Fabianski - West Ham United,Premier League
0,0,0,0,0,David Martin - West Ham United,Premier League
0,0,0,0,0,Darren Randolph - West Ham United,Premier League
0,0,0,0,0,Roberto (Jimenez) - West Ham United,Premier League
0,0,0,0,0,Raphael Spiegel - West Ham United,Premier League
0,0,0,0,0,Fabian Balbuena - West Ham United,Premier League
0,0,0,0,0,Goncala Cardoso - West Ham United,Premier League
0,0,0,0,0,Aaron Cresswell - West Ham United,Premier League
0,0,0,0,0,Issa Diop - West Ham United,Premier League
0,0,0,0,0,Ryan Fredericks - West Ham United,Premier League
0,0,0,0,0,Arthur Masuaku - West Ham United,Premier League
0,0,0,0,0,Angelo Ogbonna - West Ham United,Premier League
0,0,0,0,0,Alex Pike - West Ham United,Premier League
0,0,0,0,0,Winston Reid - West Ham United,Premier League
0,0,0,0,0,Felipe Anderson - West Ham United,Premier League
0,0,0,0,0,Michail Antonio - West Ham United,Premier League
0,0,0,0,0,Conor Coventry - West Ham United,Premier League
0,0,0,0,0,Josh Cullen - West Ham United,Premier League
0,0,0,0,0,Grady (Diang)ana - West Ham United,Premier League
0,0,0,0,0,Pablo Fornals - West Ham United,Premier League
0,0,0,0,0,Nathan Holland - West Ham United,Premier League
0,0,0,0,0,Dan Kemp - West Ham United,Premier League
0,0,0,0,0,Manuel Lanzini - West Ham United,Premier League
0,0,0,0,0,Mark Noble - West Ham United,Premier League
0,0,0,0,0,Joe Powell - West Ham United,Premier League
0,0,0,0,0,Declan Rice - West Ham United,Premier League
0,0,0,0,0,Robert Snodgrass - West Ham United,Premier League
0,0,0,0,0,Tomas Soucek - West Ham United,Premier League
0,0,0,0,0,Jack Wilshere - West Ham United,Premier League
0,0,0,0,0,Andriy Yarmolenko - West Ham United,Premier League
0,0,0,0,0,Albian Ajeti - West Ham United,Premier League
0,0,0,0,0,Jarrod Bowen - West Ham United,Premier League
0,0,0,0,0,Sebastien Haller - West Ham United,Premier League
0,0,0,0,0,Jordan Hugill - West Ham United,Premier League
0,0,0,0,0,Will Norris - Wolves,Premier League
0,0,0,0,0,Rui Patricio - Wolves,Premier League
0,0,0,0,0,John Ruddy - Wolves,Premier League
0,0,0,0,0,Matija Sarkic - Wolves,Premier League
0,0,0,0,0,Willy Boly - Wolves,Premier League
0,0,0,0,0,Jonny Castro-Otto - Wolves,Premier League
0,0,0,0,0,Conor Coady - Wolves,Premier League
0,0,0,0,0,Matt Doherty - Wolves,Premier League
0,0,0,0,0,Luke Matheson - Wolves,Premier League
0,0,0,0,0,Roderick' Miranda - Wolves,Premier League
0,0,0,0,0,Phil Ofosu-Ayeh - Wolves,Premier League
0,0,0,0,0,Romain Saiss - Wolves,Premier League
0,0,0,0,0,Ruben Vinagre - Wolves,Premier League
0,0,0,0,0,Oskar Buur - Wolves,Premier League
0,0,0,0,0,Daniel Castelo-Podence - Wolves,Premier League
0,0,0,0,0,Leander Dendoncker - Wolves,Premier League
0,0,0,0,0,Morgan Gibbs-White - Wolves,Premier League
0,0,0,0,0,Jordan Graham - Wolves,Premier League
0,0,0,0,0,Bruno Jordao - Wolves,Premier League
0,0,0,0,0,Diogo Jose Jota - Wolves,Premier League
0,0,0,0,0,Joao Moutinho - Wolves,Premier League
0,0,0,0,0,Alfred N'Diaye - Wolves,Premier League
0,0,0,0,0,Pedro Neto - Wolves,Premier League
0,0,0,0,0,Ruben Neves - Wolves,Premier League
0,0,0,0,0,Daniel Podence - Wolves,Premier League
0,0,0,0,0,Adama Traore - Wolves,Premier League
0,0,0,0,0,Hong Wan - Wolves,Premier League
0,0,0,0,0,Lohner Leo Bonatini - Wolves,Premier League
0,0,0,0,0,Leonardo Campana - Wolves,Premier League
0,0,0,0,0,Patrick Cutrone - Wolves,Premier League
0,0,0,0,0,Renat Dadashov - Wolves,Premier League
0,0,0,0,0,Raul Jimenez - Wolves,Premier League
0,0,0,0,0,Rafael Mir Vincente - Wolves,Premier League